{
  "means": {
    "shape": [
      288369,
      3
    ],
    "dtype": "float32",
    "mins": [
      -7.016343116760254,
      -3.8132083415985107,
      -6.959869384765625
    ],
    "maxs": [
      6.935180187225342,
      3.7431485652923584,
      6.84577751159668
    ],
    "files": [
      "means_l.webp",
      "means_u.webp"
    ]
  },
  "scales": {
    "shape": [
      288369,
      3
    ],
    "dtype": "float32",
    "mins": [
      -11.353763580322266,
      -11.190537452697754,
      -9.746143341064453
    ],
    "maxs": [
      3.1675162315368652,
      3.2295758724212646,
      3.2529027462005615
    ],
    "files": [
      "scales.webp"
    ]
  },
  "quats": {
    "shape": [
      288369,
      4
    ],
    "dtype": "uint8",
    "encoding": "quaternion_packed",
    "files": [
      "quats.webp"
    ]
  },
  "sh0": {
    "shape": [
      288369,
      1,
      4
    ],
    "dtype": "float32",
    "mins": [
      -5.733893871307373,
      -4.699714660644531,
      -4.93334436416626,
      -2.903388500213623
    ],
    "maxs": [
      34.36558151245117,
      36.73322677612305,
      35.07791519165039,
      10.366923332214355
    ],
    "files": [
      "sh0.webp"
    ]
  },
  "shN": {
    "shape": [
      288369,
      9
    ],
    "dtype": "float32",
    "mins": -6.158733367919922,
    "maxs": 12.725017547607422,
    "quantization": 8,
    "files": [
      "shN_centroids.webp",
      "shN_labels.webp"
    ]
  }
}