{
    "means": {
        "shape": [
            843210,
            3
        ],
        "dtype": "float32",
        "mins": [
            -5.993545967096208,
            -3.45984502469303,
            -5.96577459018234
        ],
        "maxs": [
            5.993156078308567,
            1.9782860618930636,
            5.993842317944589
        ],
        "files": [
            "means_l.webp",
            "means_u.webp"
        ]
    },
    "scales": {
        "shape": [
            843210,
            3
        ],
        "dtype": "float32",
        "mins": [
            -6.289234161376953,
            -6.284296035766602,
            -6.182292938232422
        ],
        "maxs": [
            2.6712629795074463,
            2.370305299758911,
            2.4364027976989746
        ],
        "files": [
            "scales.webp"
        ]
    },
    "quats": {
        "shape": [
            843210,
            4
        ],
        "dtype": "uint8",
        "encoding": "quaternion_packed",
        "files": [
            "quats.webp"
        ]
    },
    "sh0": {
        "shape": [
            843210,
            1,
            4
        ],
        "dtype": "float32",
        "mins": [
            -2.084954261779785,
            -2.0583431720733643,
            -2.098297595977783,
            -4.553581714630127
        ],
        "maxs": [
            4.4129638671875,
            5.921909332275391,
            5.668519973754883,
            9.199530601501465
        ],
        "files": [
            "sh0.webp"
        ]
    }
}