{
  "means": {
    "shape": [
      399424,
      3
    ],
    "dtype": "float32",
    "mins": [
      2.917773962020874,
      -2.7259485721588135,
      -4.499837398529053
    ],
    "maxs": [
      4.496713638305664,
      0.5742035508155823,
      3.8822872638702393
    ],
    "files": [
      "means_l.webp",
      "means_u.webp"
    ]
  },
  "scales": {
    "shape": [
      399424,
      3
    ],
    "dtype": "float32",
    "mins": [
      -8.953560829162598,
      -9.286161422729492,
      -10.429816246032715
    ],
    "maxs": [
      0.9492104053497314,
      1.0342084169387817,
      1.0842256546020508
    ],
    "files": [
      "scales.webp"
    ]
  },
  "quats": {
    "shape": [
      399424,
      4
    ],
    "dtype": "uint8",
    "encoding": "quaternion_packed",
    "files": [
      "quats.webp"
    ]
  },
  "sh0": {
    "shape": [
      399424,
      1,
      4
    ],
    "dtype": "float32",
    "mins": [
      -4.799877166748047,
      -4.559821128845215,
      -4.509627342224121,
      -3.2100298404693604
    ],
    "maxs": [
      10.654243469238281,
      8.540812492370605,
      8.63007926940918,
      10.57523250579834
    ],
    "files": [
      "sh0.webp"
    ]
  },
  "shN": {
    "shape": [
      399424,
      45
    ],
    "dtype": "float32",
    "mins": -1.7755815982818604,
    "maxs": 1.813436508178711,
    "quantization": 8,
    "files": [
      "shN_centroids.webp",
      "shN_labels.webp"
    ]
  }
}