{
  "means": {
    "shape": [
      3724900,
      3
    ],
    "dtype": "float32",
    "mins": [
      -7.3117756843566895,
      -4.15512228012085,
      -7.3050031661987305
    ],
    "maxs": [
      7.313022613525391,
      3.7698862552642822,
      7.30709981918335
    ],
    "files": [
      "means_l.webp",
      "means_u.webp"
    ]
  },
  "scales": {
    "shape": [
      3724900,
      3
    ],
    "dtype": "float32",
    "mins": [
      -9.377433776855469,
      -9.348272323608398,
      -9.033123016357422
    ],
    "maxs": [
      3.2524328231811523,
      3.1644935607910156,
      3.296006917953491
    ],
    "files": [
      "scales.webp"
    ]
  },
  "quats": {
    "shape": [
      3724900,
      4
    ],
    "dtype": "uint8",
    "encoding": "quaternion_packed",
    "files": [
      "quats.webp"
    ]
  },
  "sh0": {
    "shape": [
      3724900,
      1,
      4
    ],
    "dtype": "float32",
    "mins": [
      -6.421286106109619,
      -7.3347344398498535,
      -7.432807445526123,
      -3.6456995010375977
    ],
    "maxs": [
      25.569412231445312,
      26.195756912231445,
      25.419878005981445,
      6.696685314178467
    ],
    "files": [
      "sh0.webp"
    ]
  }
}