{
  "means": {
    "shape": [
      2972176,
      3
    ],
    "dtype": "float32",
    "mins": [
      -7.575875759124756,
      -4.136026859283447,
      -7.579946517944336
    ],
    "maxs": [
      7.569921493530273,
      3.7698862552642822,
      7.5436882972717285
    ],
    "files": [
      "means_l.webp",
      "means_u.webp"
    ]
  },
  "scales": {
    "shape": [
      2972176,
      3
    ],
    "dtype": "float32",
    "mins": [
      -6.265420436859131,
      -6.572417259216309,
      -9.033123016357422
    ],
    "maxs": [
      3.0570318698883057,
      3.0095486640930176,
      3.0138802528381348
    ],
    "files": [
      "scales.webp"
    ]
  },
  "quats": {
    "shape": [
      2972176,
      4
    ],
    "dtype": "uint8",
    "encoding": "quaternion_packed",
    "files": [
      "quats.webp"
    ]
  },
  "sh0": {
    "shape": [
      2972176,
      1,
      4
    ],
    "dtype": "float32",
    "mins": [
      -5.6463398933410645,
      -6.463845252990723,
      -6.270096778869629,
      -3.5321507453918457
    ],
    "maxs": [
      22.669631958007812,
      22.87834358215332,
      22.420555114746094,
      6.696685314178467
    ],
    "files": [
      "sh0.webp"
    ]
  },
  "shN": {
    "shape": [
      2972176,
      45
    ],
    "dtype": "float32",
    "mins": -5.406993389129639,
    "maxs": 5.401651382446289,
    "quantization": 8,
    "files": [
      "shN_centroids.webp",
      "shN_labels.webp"
    ]
  }
}